{
  "IcoMoonType": "selection",
  "icons": [
    {
      "icon": {
        "paths": [
          "M122-0l780 0c67.379 0 122 54.621 122 122v780c0 67.379-54.621 122-122 122h-780c-67.379 0-122-54.621-122-122l0-780c-0-67.379 54.621-122 122-122zM107.789 107.789v808.421h808.421v-808.421h-808.421zM699.401 270.407c29.824 0 53.919 24.095 53.919 53.919v323.514h-107.838v-193.266l-298.745 298.914-76.329-76.329 298.745-298.914h-193.266v-107.838h323.514z"
        ],
        "attrs": [
          {
            "opacity": 0.87567
          }
        ],
        "tags": [
          "external",
          "outside",
          "link",
          "arrow"
        ],
        "grid": 16,
        "isMulticolor": false,
        "isMulticolor2": false
      },
      "attrs": [
        {
          "opacity": 0.87567
        }
      ],
      "properties": {
        "order": 1,
        "id": 0,
        "name": "external",
        "prevSize": 24,
        "code": 59649,
        "codes": [
          59649,
          59650
        ]
      },
      "setIdx": 0,
      "setId": 2,
      "iconIdx": 0
    },
    {
      "icon": {
        "paths": [
          "M0 672l64 64 448-448 448 448 64-64-511.998-512-512.002 512z"
        ],
        "attrs": [],
        "isMulticolor": false,
        "isMulticolor2": false,
        "tags": [
          "arrow-up",
          "up",
          "top"
        ],
        "defaultCode": 60858,
        "grid": 16
      },
      "attrs": [],
      "properties": {
        "order": 8,
        "prevSize": 24,
        "ligatures": "arrow-up4, up4",
        "name": "arrow-up",
        "id": 1210,
        "code": 60858
      },
      "setIdx": 1,
      "setId": 1,
      "iconIdx": 1210
    },
    {
      "icon": {
        "paths": [
          "M1024 352l-64-64-448 448-448-448-64 64 511.998 512 512.002-512z"
        ],
        "attrs": [],
        "isMulticolor": false,
        "isMulticolor2": false,
        "tags": [
          "arrow-down",
          "down",
          "buttom"
        ],
        "defaultCode": 60866,
        "grid": 16
      },
      "attrs": [],
      "properties": {
        "order": 7,
        "prevSize": 24,
        "ligatures": "arrow-down4, down4",
        "name": "arrow-down",
        "id": 1218,
        "code": 60866
      },
      "setIdx": 1,
      "setId": 1,
      "iconIdx": 1218
    },
    {
      "icon": {
        "paths": [
          "M928 0h-832c-52.8 0-96 43.2-96 96v832c0 52.8 43.2 96 96 96h416v-448h-128v-128h128v-64c0-105.8 86.2-192 192-192h128v128h-128c-35.2 0-64 28.8-64 64v64h192l-32 128h-160v448h288c52.8 0 96-43.2 96-96v-832c0-52.8-43.2-96-96-96z"
        ],
        "attrs": [],
        "isMulticolor": false,
        "isMulticolor2": false,
        "tags": [
          "facebook",
          "brand",
          "social"
        ],
        "defaultCode": 61168,
        "grid": 16
      },
      "attrs": [],
      "properties": {
        "order": 5,
        "prevSize": 24,
        "ligatures": "facebook2, brand11",
        "name": "facebook",
        "id": 1520,
        "code": 61168
      },
      "setIdx": 1,
      "setId": 1,
      "iconIdx": 1520
    },
    {
      "icon": {
        "paths": [
          "M928 0h-832c-52.8 0-96 43.2-96 96v832c0 52.8 43.2 96 96 96h832c52.8 0 96-43.2 96-96v-832c0-52.8-43.2-96-96-96zM704 160c0-17.6 14.4-32 32-32h128c17.6 0 32 14.4 32 32v128c0 17.6-14.4 32-32 32h-128c-17.6 0-32-14.4-32-32v-128zM512 320c106 0 192 86 192 192s-86 192-192 192c-106 0-192-86-192-192s86-192 192-192zM896 864v0c0 17.6-14.4 32-32 32h-704c-17.6 0-32-14.4-32-32v0-416h70.4c-4.2 20.6-6.4 42-6.4 64 0 176.8 143.2 320 320 320s320-143.2 320-320c0-22-2.2-43.4-6.4-64h70.4v416z"
        ],
        "attrs": [],
        "isMulticolor": false,
        "isMulticolor2": false,
        "tags": [
          "instagram",
          "brand",
          "social"
        ],
        "defaultCode": 61169,
        "grid": 16
      },
      "attrs": [],
      "properties": {
        "order": 4,
        "prevSize": 24,
        "ligatures": "instagram, brand12",
        "name": "instagram",
        "id": 1521,
        "code": 61169
      },
      "setIdx": 1,
      "setId": 1,
      "iconIdx": 1521
    },
    {
      "icon": {
        "paths": [
          "M628.976 533.009h-227.738c-14.985 0-27.136-11.315-27.136-25.276v-214.374c0-13.943 12.151-25.259 27.136-25.259h227.738c14.985 0 27.136 11.315 27.136 25.259v214.374c0 13.961-12.151 25.276-27.136 25.276zM91.956 26.846v965.308c0 22.255 28.672 33.638 45.926 18.227l228.335-203.827c5.052-4.523 11.793-7.031 18.79-7.031h526.063c14.985 0 27.136-11.315 27.136-25.276v-747.401c0-13.943-12.151-25.259-27.136-25.259h-791.979c-14.985 0-27.136 11.315-27.136 25.259z"
        ],
        "attrs": [
          {}
        ],
        "isMulticolor": false,
        "isMulticolor2": false,
        "grid": 16,
        "tags": [
          "trafficmarker"
        ]
      },
      "attrs": [
        {}
      ],
      "properties": {
        "order": 2,
        "id": 0,
        "name": "tdmarker",
        "prevSize": 24,
        "code": 59648
      },
      "setIdx": 2,
      "setId": 0,
      "iconIdx": 0
    }
  ],
  "height": 1024,
  "metadata": {
    "name": "iconfont"
  },
  "preferences": {
    "showGlyphs": true,
    "showCodes": true,
    "showQuickUse": true,
    "showQuickUse2": true,
    "showSVGs": true,
    "fontPref": {
      "prefix": "icon-",
      "metadata": {
        "fontFamily": "iconfont",
        "majorVersion": 1,
        "minorVersion": 0
      },
      "metrics": {
        "emSize": 1024,
        "baseline": 6.25,
        "whitespace": 50
      },
      "embed": false,
      "noie8": true,
      "ie7": false,
      "includeMetadata": true,
      "showSelector": false
    },
    "imagePref": {
      "prefix": "icon-",
      "png": true,
      "useClassSelector": true,
      "color": 0,
      "bgColor": 16777215
    },
    "historySize": 50,
    "gridSize": 16,
    "showGrid": true
  }
}